NseCD_FO,2016-02-25
NseFO_FO,2016-02-25
NseCD_FO,2016-03-31
NseFO_FO,2016-03-31
NseCD_FO,2016-04-28
NseFO_FO,2016-04-28
NseFO_FO,2016-05-26
NseCD_FO,2016-05-27
NseCD_FO,2016-06-28
BseCD_FO,2016-06-28
NseFO_FO,2016-06-30
NseCD_FO,2016-07-27
BseCD_FO,2016-07-27
NseFO_FO,2016-07-28
NseFO_FO,2016-08-25
NseCD_FO,2016-08-29
BseCD_FO,2016-08-29
NseCD_FO,2016-09-28
BseCD_FO,2016-09-28
NseFO_FO,2016-09-29
NseCD_FO,2016-10-26
BseCD_FO,2016-10-26
NseFO_FO,2016-10-27
NseFO_FO,2016-11-24
NseCM_Eq,2016-11-24
NseCD_FO,2016-11-28
BseCD_FO,2016-11-28
NseCD_FO,2016-12-28
BseCD_FO,2016-12-28
NseFO_FO,2016-12-29
NseFO_FO,2017-01-25
NseCM_Eq,2017-01-25
NseCD_FO,2017-01-27
BseCD_FO,2017-01-27
NseCD_FO,2017-02-23
BseCD_FO,2017-02-23
NseFO_FO,2017-02-23
NseCM_Eq,2017-02-23
SgxFO_All,2017-02-23
NseCD_FO,2017-03-29
BseCD_FO,2017-03-29
NseFO_FO,2017-03-30
NseCM_Eq,2017-03-30
SgxFO_All,2017-03-30
NseCD_FO,2017-04-26
BseCD_FO,2017-04-26
NseFO_FO,2017-04-27
NseCM_Eq,2017-04-27
SgxFO_All,2017-04-27
NseFO_FO,2017-05-25
NseCM_Eq,2017-05-25
SgxFO_All,2017-05-25
NseCD_FO,2017-05-29
BseCD_FO,2017-05-29
NseCD_FO,2017-06-28
BseCD_FO,2017-06-28
NseFO_FO,2017-06-29
NseCM_Eq,2017-06-29
SgxFO_All,2017-06-29
NseCD_FO,2017-07-27
BseCD_FO,2017-07-27
NseFO_FO,2017-07-27
NseCM_Eq,2017-07-27
SgxFO_All,2017-07-27
NseCD_FO,2017-08-29
BseCD_FO,2017-08-29
NseFO_FO,2017-08-31
NseCM_Eq,2017-08-31
SgxFO_All,2017-08-31
NseCD_FO,2017-09-27
BseCD_FO,2017-09-27
NseFO_FO,2017-09-28
NseCM_Eq,2017-09-28
SgxFO_All,2017-09-28
NseFO_FO,2017-10-26
NseCM_Eq,2017-10-26
SgxFO_All,2017-10-26
NseCD_FO,2017-10-27
BseCD_FO,2017-10-27
NseCD_FO,2017-11-28
BseCD_FO,2017-11-28
NseFO_FO,2017-11-30
NseCM_Eq,2017-11-30
SgxFO_All,2017-11-30
NseCD_FO,2017-12-27
BseCD_FO,2017-12-27
NseFO_FO,2017-12-28
NseCM_Eq,2017-12-28
SgxFO_All,2017-12-28
NseFO_FO,2018-01-25
NseCM_Eq,2018-01-25
SgxFO_All,2018-01-25
NseCD_FO,2018-01-29
BseCD_FO,2018-01-29
NseFO_FO,2018-02-22
NseCM_Eq,2018-02-22
SgxFO_All,2018-02-22
NseCD_FO,2018-02-26
BseCD_FO,2018-02-26
NseCD_FO,2018-03-26
BseCD_FO,2018-03-26
NseFO_FO,2018-03-28
NseCM_Eq,2018-03-28
SgxFO_All,2018-03-28
NseCD_FO,2018-04-25
BseCD_FO,2018-04-25
NseFO_FO,2018-04-26
NseCM_Eq,2018-04-26
SgxFO_All,2018-04-26
NseCD_FO,2018-05-29
BseCD_FO,2018-05-29
NseFO_FO,2018-05-31
NseCM_Eq,2018-05-31
SgxFO_All,2018-05-31
NseCD_FO,2018-06-27
BseCD_FO,2018-06-27
NseFO_FO,2018-06-28
NseCM_Eq,2018-06-28
SgxFO_All,2018-06-28
NseFO_FO,2018-07-26
NseCM_Eq,2018-07-26
SgxFO_All,2018-07-26
NseCD_FO,2018-07-27
BseCD_FO,2018-07-27
NseCD_FO,2018-08-29
BseCD_FO,2018-08-29
NseFO_FO,2018-08-30
NseCM_Eq,2018-08-30
SgxFO_All,2018-08-30
NseCD_FO,2018-09-26
BseCD_FO,2018-09-26
NseFO_FO,2018-09-27
NseCM_Eq,2018-09-27
SgxFO_All,2018-09-27
NseFO_FO,2018-10-25
NseCM_Eq,2018-10-25
SgxFO_All,2018-10-25
NseCD_FO,2018-10-29
BseCD_FO,2018-10-29
NseCD_FO,2018-11-28
BseCD_FO,2018-11-28
NseFO_FO,2018-11-29
NseCM_Eq,2018-11-29
SgxFO_All,2018-11-29
NseCD_FO,2018-12-27
NseFO_FO,2018-12-27
BseCD_FO,2018-12-27
NseCM_Eq,2018-12-27
SgxFO_All,2018-12-27
NseCD_FO,2019-01-29
BseCD_FO,2019-01-29
NseFO_FO,2019-01-31
NseCM_Eq,2019-01-31
SgxFO_All,2019-01-31
NseCD_FO,2019-02-27
BseCD_FO,2019-02-27
NseFO_FO,2019-02-28
NseCM_Eq,2019-02-28
SgxFO_All,2019-02-28
NseCD_FO,2019-03-27
BseCD_FO,2019-03-27
NseFO_FO,2019-03-28
NseCM_Eq,2019-03-28
SgxFO_All,2019-03-28
NseCD_FO,2019-04-25
NseFO_FO,2019-04-25
BseCD_FO,2019-04-25
NseCM_Eq,2019-04-25
SgxFO_All,2019-04-25
NseCD_FO,2019-05-29
BseCD_FO,2019-05-29
NseFO_FO,2019-05-30
NseCM_Eq,2019-05-30
SgxFO_All,2019-05-30
NseCD_FO,2019-06-26
BseCD_FO,2019-06-26
NseFO_FO,2019-06-27
NseCM_Eq,2019-06-27
SgxFO_All,2019-06-27
NseFO_FO,2019-07-25
NseCM_Eq,2019-07-25
SgxFO_All,2019-07-25
NseCD_FO,2019-07-29
BseCD_FO,2019-07-29
NseCD_FO,2019-08-28
BseCD_FO,2019-08-28
NseFO_FO,2019-08-29
NseCM_Eq,2019-08-29
SgxFO_All,2019-08-29
NseFO_FO,2019-09-26
NseCM_Eq,2019-09-26
SgxFO_All,2019-09-26
NseCD_FO,2019-09-26
BseCD_FO,2019-09-26
NseCD_FO,2019-10-29
BseCD_FO,2019-10-29
NseFO_FO,2019-10-31
NseCM_Eq,2019-10-31
SgxFO_All,2019-10-31
NseCD_FO,2019-11-27
BseCD_FO,2019-11-27
NseFO_FO,2019-11-28
NseCM_Eq,2019-11-28
SgxFO_All,2019-11-28
NseFO_FO,2019-12-26
NseCM_Eq,2019-12-26
SgxFO_All,2019-12-26
NseCD_FO,2019-12-27
BseCD_FO,2019-12-27
NseCD_FO,2020-01-29
BseCD_FO,2020-01-29
NseFO_FO,2020-01-30
NseCM_Eq,2020-01-30
SgxFO_All,2020-01-30
BseCD_FO,2020-02-26
NseCD_FO,2020-02-26
NseFO_FO,2020-02-27
NseCM_Eq,2020-02-27
SgxFO_All,2020-02-27
NseFO_FO,2020-03-26
NseCM_Eq,2020-03-26
SgxFO_All,2020-03-26
BseCD_FO,2020-03-27
NseCD_FO,2020-04-28
BseCD_FO,2020-04-28
NseCD_FO,2020-03-27
NseFO_FO,2020-04-30
NseCM_Eq,2020-04-30
SgxFO_All,2020-04-30
NseCD_FO,2020-05-28
NseFO_FO,2020-05-28
BseCD_FO,2020-05-28
NseCM_Eq,2020-05-28
SgxFO_All,2020-05-28
NseFO_FO,2020-06-25
NseCM_Eq,2020-06-25
SgxFO_All,2020-06-25
NseCD_FO,2020-06-26
BseCD_FO,2020-06-26
NseCD_FO,2020-07-29
BseCD_FO,2020-07-29
NseFO_FO,2020-07-30
NseCM_Eq,2020-07-30
SgxFO_All,2020-07-30
NseCD_FO,2020-08-27
NseFO_FO,2020-08-27
BseCD_FO,2020-08-27
NseCM_Eq,2020-08-27
SgxFO_All,2020-08-27
